capital_1,capital_2,distance_km
Umuahia,Owerri,66.44051527398598
Awka,Enugu,70.15765225617413
Uyo,Calabar,58.483781266929455
